{
  "Abu Musa Island Airport": {
    "latc": 25.875041761239,
    "lngc": 55.021382072783
  },
  "Dubai Intl": {
    "latc": 25.248265300858,
    "lngc": 55.379295777402
  },
  "Lar Airbase": {
    "latc": 27.674804842122,
    "lngc": 54.368317250382
  },
  "Bandar Lengeh": {
    "latc": 26.530817420578,
    "lngc": 54.813116140778
  },
  "Fujairah Intl": {
    "latc": 25.105735807567,
    "lngc": 56.340423943738
  },
  "Havadarya": {
    "latc": 27.159927526116,
    "lngc": 56.183089447173
  },
  "Bandar Abbas Intl": {
    "latc": 27.203638554295,
    "lngc": 56.37035610682
  },
  "Sirri Island": {
    "latc": 25.903343862392,
    "lngc": 54.548214653399
  },
  "Bandar-e-Jask airfield": {
    "latc": 25.6507923812,
    "lngc": 57.792765784834
  },
  "Al Dhafra AB": {
    "latc": 24.25792911231,
    "lngc": 54.534202504328
  },
  "Shiraz International Airport": {
    "latc": 29.533103964275,
    "lngc": 52.609894223947
  },
  "Khasab": {
    "latc": 26.179806360704,
    "lngc": 56.24317158197
  },
  "Sas Al Nakheel Airport": {
    "latc": 24.448211500963,
    "lngc": 54.514696366062
  },
  "BR81-Dehtal_FOB": {
    "latc": 27.211466297364,
    "lngc": 54.80076804874
  },
  "Al Ain International Airport": {
    "latc": 24.259472019739,
    "lngc": 55.611903114768
  },
  "YM74-Kuhe_FOB": {
    "latc": 28.39935448101,
    "lngc": 53.832148054688
  },
  "XN91-Karadeh_FOB": {
    "latc": 29.02088189094,
    "lngc": 52.998234526232
  },
  "Qeshm Island": {
    "latc": 26.76633161238,
    "lngc": 55.918070160223
  },
  "Sharjah Intl": {
    "latc": 25.322796067752,
    "lngc": 55.531388153673
  },
  "Jiroft Airport": {
    "latc": 28.729955112598,
    "lngc": 57.666446887272
  },
  "Kish Island Airfield": {
    "latc": 26.529651135129,
    "lngc": 53.964909161858
  },
  "Tunb Island AFB": {
    "latc": 26.251538702312,
    "lngc": 55.311280020098
  },
  "Tunb Kochak": {
    "latc": 26.243605485601,
    "lngc": 55.149352101732
  },
  "BR39-Beriz_FOB": {
    "latc": 27.962897858719,
    "lngc": 54.317723751694
  },
  "Sir Abu Nuayr": {
    "latc": 25.216154518016,
    "lngc": 54.23693990531
  },
  "Liwa Airbase": {
    "latc": 23.660697450016,
    "lngc": 53.812497591899
  },
  "Ras Al Khaimah": {
    "latc": 25.60171784119,
    "lngc": 55.942030210076
  },
  "Sirjan_MOB": {
    "latc": 29.411504364725,
    "lngc": 55.69510386855
  },
  "Abu Dhabi International Airport": {
    "latc": 24.464722760717,
    "lngc": 54.639226001065
  },
  "Kerman Airport": {
    "latc": 30.257695568151,
    "lngc": 56.958269051762
  },
  "Rayen_MOB": {
    "latc": 29.568435779887,
    "lngc": 57.756671519307
  },
  "Al-Bateen Airport": {
    "latc": 24.434059322946,
    "lngc": 54.450706215697
  },
  "Al Maktoum Intl": {
    "latc": 24.888624487709,
    "lngc": 55.174919966811
  },
  "Al Minhad AB": {
    "latc": 25.026805920475,
    "lngc": 55.383678016973
  },
  "YM29-Kuhegom_FOB": {
    "latc": 28.872800237374,
    "lngc": 53.336557272131
  },
  "ET80-Asbi_FOB": {
    "latc": 28.946804513525,
    "lngc": 57.88924471946
  },
  "Qotbabad_MOB": {
    "latc": 28.643794338724,
    "lngc": 53.648691452541
  },
  "EU50-Henek_FOB": {
    "latc": 29.829549542005,
    "lngc": 57.530242331668
  },
  "BR75-Aliabad_FOB": {
    "latc": 27.625932082903,
    "lngc": 54.730228674521
  },
  "BS12-Mansurabad_FOB": {
    "latc": 28.203934506566,
    "lngc": 54.078006146601
  },
  "CQ89-Gachin_FOB": {
    "latc": 27.113018017164,
    "lngc": 55.873813867738
  },
  "ES63-Ganjabad_FOB": {
    "latc": 28.298708185078,
    "lngc": 57.698896607201
  },
  "Lavan Island Airport": {
    "latc": 26.815354172873,
    "lngc": 53.3416042246
  },
  "BQ36-Bandar_FOB": {
    "latc": 26.745653625181,
    "lngc": 54.359490521961
  },
  "CR32-Kermeran_FOB": {
    "latc": 27.303893865234,
    "lngc": 55.308806322106
  },
  "EU22-Mahan_FOB": {
    "latc": 30.057928590466,
    "lngc": 57.24814350592
  },
  "Zeyarat_MOB": {
    "latc": 27.934536967153,
    "lngc": 57.25034997813
  },
  "YM34-Jahrom_FOB": {
    "latc": 28.44834139973,
    "lngc": 53.367133383378
  },
  "BQ58-KuheGach_FOB": {
    "latc": 26.980558058643,
    "lngc": 54.574204036714
  },
  "YL38-Khonj_FOB": {
    "latc": 27.882247389005,
    "lngc": 53.436088335233
  },
  "ES41-Chah_FOB": {
    "latc": 28.167886410246,
    "lngc": 57.424129797511
  },
  "BR07-Evaz_FOB": {
    "latc": 27.760535073522,
    "lngc": 54.023304935226
  },
  "CR61-Seyyed_FOB": {
    "latc": 27.233977036081,
    "lngc": 55.595751488793
  },
  "ER03-Faryab_FOB": {
    "latc": 27.43365479487,
    "lngc": 56.999737875284
  },
  "XN73-Akbarabad_FOB": {
    "latc": 29.252258705706,
    "lngc": 52.766775856494
  },
  "XL94-Mohr_FOB": {
    "latc": 27.490419775904,
    "lngc": 52.957344793285
  },
  "LY67-Fishvar_FOB": {
    "latc": 27.773125361571,
    "lngc": 53.674410615216
  },
  "YN52-Kachuyeh_FOB": {
    "latc": 29.12421625357,
    "lngc": 53.623642304663
  },
  "CP71-Kabir_FOB": {
    "latc": 25.488031665511,
    "lngc": 55.717146938273
  },
  "ER16-Golshvar_FOB": {
    "latc": 27.668850646215,
    "lngc": 57.15780348124
  },
  "Beachhead_FOB": {
    "latc": 27.292821594626,
    "lngc": 52.71595314541
  },
  "BN92-AlSharia_FOB": {
    "latc": 24.644233600275,
    "lngc": 55.011052107178
  },
  "Neyriz_MOB": {
    "latc": 29.24237145254,
    "lngc": 54.375869080731
  },
  "ET93-Sarvestan_FOB": {
    "latc": 29.278867030154,
    "lngc": 57.955715516183
  },
  "YL17-Baghan_FOB": {
    "latc": 27.787067540826,
    "lngc": 53.132283145357
  },
  "DU10-BidKhabari_FOB": {
    "latc": 29.854849582804,
    "lngc": 56.111057813241
  },
  "DR62-Jallabi_FOB": {
    "latc": 27.359683005918,
    "lngc": 56.66804407989
  },
  "DU41-Tajabad_FOB": {
    "latc": 29.945931406585,
    "lngc": 56.42955019018
  },
  "TangDalan_MOB": {
    "latc": 27.387955833612,
    "lngc": 55.011261403262
  },
  "CT72-Amirabad_FOB": {
    "latc": 29.127222917217,
    "lngc": 55.740316046911
  },
  "BT12-Estahbanat_FOB": {
    "latc": 29.131462339793,
    "lngc": 54.023103957011
  },
  "CT12_FOB": {
    "latc": 29.133006857158,
    "lngc": 55.123949756416
  },
  "ES85-Mohammadabad_FOB": {
    "latc": 28.523066862998,
    "lngc": 57.884793561092
  },
  "DP06-Ras-al-Khaimah_FOB": {
    "latc": 25.882400421551,
    "lngc": 56.049685462763
  },
  "DR16-Gohreh_FOB": {
    "latc": 27.719927697634,
    "lngc": 56.168739490521
  },
  "BT82-Qatrueh_FOB": {
    "latc": 29.15311268233,
    "lngc": 54.743919317765
  },
  "CT98-DehNow_FOB": {
    "latc": 29.68033976819,
    "lngc": 55.875235697813
  },
  "CS86-Aliabad_FOB": {
    "latc": 28.599051728581,
    "lngc": 55.811351160413
  },
  "CS89-Vabuyen_FOB": {
    "latc": 28.884993852592,
    "lngc": 55.837383625826
  },
  "CR99-Baghan_FOB": {
    "latc": 27.95838764621,
    "lngc": 55.956829590737
  },
  "YM11-Seyfabad_FOB": {
    "latc": 28.129883151786,
    "lngc": 53.182434252032
  },
  "CT43-Kavir_FOB": {
    "latc": 29.221588735388,
    "lngc": 55.451871782599
  },
  "BN70-AlFalah_FOB": {
    "latc": 24.42700863531,
    "lngc": 54.79918083342
  },
  "Hajiabad_MOB": {
    "latc": 28.315052024795,
    "lngc": 55.888254617395
  },
  "DU72_FOB": {
    "latc": 30.027964138642,
    "lngc": 56.727084470348
  },
  "DR24-Sarzeh_FOB": {
    "latc": 27.486332277428,
    "lngc": 56.274043178476
  },
  "Dubai_FARP": {
    "latc": 25.596452483551,
    "lngc": 55.972908374278
  },
  "Abu Dhabi_FARP": {
    "latc": 24.853302841703,
    "lngc": 54.901135429849
  },
  "Iran_FARP": {
    "latc": 27.314002308476,
    "lngc": 55.326943007092
  },

  "Lar East_FARP": {
    "latc": 29.232356290279,
    "lngc": 54.350605943782
  },
  "Shiraz South_FARP": {
    "latc": 28.90178479784,
    "lngc": 53.31171408266
  },
  "Kerman West_FARP": {
    "latc": 29.797341342158,
    "lngc": 56.036744476169
  },
  "Lar North_FARP": {
    "latc": 28.346834766784,
    "lngc": 54.03011113976
  },
  "Kerman-Jiroft_FARP": {
    "latc": 29.535751518292,
    "lngc": 57.460169947074
  },